<?xml version="1.0" encoding="UTF-8"?>
<project-private xmlns="http://www.netbeans.org/ns/project-private/1">
    <editor-bookmarks xmlns="http://www.netbeans.org/ns/editor-bookmarks/2" lastBookmarkId="0"/>
    <open-files xmlns="http://www.netbeans.org/ns/projectui-open-files/2">
        <group>
            <file>file:/C:/Users/killh/Desktop/CIT/HospitalManagementSystem/web/EditADoctor.html</file>
            <file>file:/C:/Users/killh/Desktop/CIT/HospitalManagementSystem/src/java/SearchDoctorsByDepartment.java</file>
            <file>file:/C:/Users/killh/Desktop/CIT/HospitalManagementSystem/src/java/SearchDoctorsByLastName.java</file>
            <file>file:/C:/Users/killh/Desktop/CIT/HospitalManagementSystem/src/java/ShowAPatientsAllAppointments.java</file>
            <file>file:/C:/Users/killh/Desktop/CIT/HospitalManagementSystem/web/AddANewPatient.html</file>
            <file>file:/C:/Users/killh/Desktop/CIT/HospitalManagementSystem/src/java/SearchPatientsByDateOfBirth.java</file>
            <file>file:/C:/Users/killh/Desktop/CIT/HospitalManagementSystem/src/java/ShowAllDoctors.java</file>
            <file>file:/C:/Users/killh/Desktop/CIT/HospitalManagementSystem/web/index.html</file>
            <file>file:/C:/Users/killh/Desktop/CIT/HospitalManagementSystem/web/AssignDoctorToPatient.html</file>
            <file>file:/C:/Users/killh/Desktop/CIT/HospitalManagementSystem/src/java/AddANewPatient.java</file>
            <file>file:/C:/Users/killh/Desktop/CIT/HospitalManagementSystem/web/UnassignDoctorFromPatient.html</file>
            <file>file:/C:/Users/killh/Desktop/CIT/HospitalManagementSystem/web/ViewAnAppointment.html</file>
            <file>file:/C:/Users/killh/Desktop/CIT/HospitalManagementSystem/src/java/SearchDoctorsByFirstName.java</file>
            <file>file:/C:/Users/killh/Desktop/CIT/HospitalManagementSystem/src/java/AddANewAppointment.java</file>
            <file>file:/C:/Users/killh/Desktop/CIT/HospitalManagementSystem/src/java/ShowAllRooms.java</file>
            <file>file:/C:/Users/killh/Desktop/CIT/HospitalManagementSystem/src/java/AssignDoctorToPatient.java</file>
            <file>file:/C:/Users/killh/Desktop/CIT/HospitalManagementSystem/src/java/EditAPatient.java</file>
            <file>file:/C:/Users/killh/Desktop/CIT/HospitalManagementSystem/src/java/EditADoctor.java</file>
            <file>file:/C:/Users/killh/Desktop/CIT/HospitalManagementSystem/src/java/SearchPatientsByLastName.java</file>
            <file>file:/C:/Users/killh/Desktop/CIT/HospitalManagementSystem/src/java/ShowAllAppointments.java</file>
            <file>file:/C:/Users/killh/Desktop/CIT/HospitalManagementSystem/src/java/UnassignDoctorFromPatient.java</file>
            <file>file:/C:/Users/killh/Desktop/CIT/HospitalManagementSystem/src/java/EditAnAppointment.java</file>
            <file>file:/C:/Users/killh/Desktop/CIT/HospitalManagementSystem/src/java/SearchRooms.java</file>
            <file>file:/C:/Users/killh/Desktop/CIT/HospitalManagementSystem/web/WEB-INF/web.xml</file>
            <file>file:/C:/Users/killh/Desktop/CIT/HospitalManagementSystem/src/java/ViewAnAppointment.java</file>
            <file>file:/C:/Users/killh/Desktop/CIT/HospitalManagementSystem/src/java/ShowAllPatients.java</file>
            <file>file:/C:/Users/killh/Desktop/CIT/HospitalManagementSystem/web/EditAPatient.html</file>
            <file>file:/C:/Users/killh/Desktop/CIT/HospitalManagementSystem/src/java/AddANewRoom.java</file>
            <file>file:/C:/Users/killh/Desktop/CIT/HospitalManagementSystem/src/java/Util.java</file>
            <file>file:/C:/Users/killh/Desktop/CIT/HospitalManagementSystem/src/java/AddANewDoctor.java</file>
            <file>file:/C:/Users/killh/Desktop/CIT/HospitalManagementSystem/src/java/ViewARoom.java</file>
            <file>file:/C:/Users/killh/Desktop/CIT/HospitalManagementSystem/src/java/ShowADoctorsAllAppointments.java</file>
            <file>file:/C:/Users/killh/Desktop/CIT/HospitalManagementSystem/src/java/ViewAPatient.java</file>
            <file>file:/C:/Users/killh/Desktop/CIT/HospitalManagementSystem/src/java/SearchAppointmentsByDate.java</file>
            <file>file:/C:/Users/killh/Desktop/CIT/HospitalManagementSystem/src/java/ShowARoomsAllAppointments.java</file>
            <file>file:/C:/Users/killh/Desktop/CIT/HospitalManagementSystem/src/java/EditARoom.java</file>
            <file>file:/C:/Users/killh/Desktop/CIT/HospitalManagementSystem/web/AddANewAppointment.html</file>
            <file>file:/C:/Users/killh/Desktop/CIT/HospitalManagementSystem/src/java/SearchAppointmentsByDoctorAndDateRange.java</file>
            <file>file:/C:/Users/killh/Desktop/CIT/HospitalManagementSystem/src/java/SearchPatientsByFirstName.java</file>
            <file>file:/C:/Users/killh/Desktop/CIT/HospitalManagementSystem/src/java/ViewADoctor.java</file>
        </group>
    </open-files>
</project-private>
