<?xml version="1.0" encoding="UTF-8"?>
<project-private xmlns="http://www.netbeans.org/ns/project-private/1">
    <editor-bookmarks xmlns="http://www.netbeans.org/ns/editor-bookmarks/2" lastBookmarkId="0"/>
    <open-files xmlns="http://www.netbeans.org/ns/projectui-open-files/2">
        <group>
            <file>file:/C:/Users/killh/Desktop/CIT/HospitalManagementSystem/web/Appointment/AddANewAppointment.html</file>
            <file>file:/C:/Users/killh/Desktop/CIT/HospitalManagementSystem/web/Sample%20Websites/newjsp.jsp</file>
            <file>file:/C:/Users/killh/Desktop/CIT/HospitalManagementSystem/web/Appointment/ShowAPatientsAllAppointments.html</file>
            <file>file:/C:/Users/killh/Desktop/CIT/HospitalManagementSystem/src/java/CSC285/project/hospitalmanagementsystem/presentation/web/ViewAnAppointment.java</file>
            <file>file:/C:/Users/killh/Desktop/CIT/HospitalManagementSystem/web/Appointment/SearchAppointmentsByRoomAndDateRange.html</file>
            <file>file:/C:/Users/killh/Desktop/CIT/HospitalManagementSystem/web/Doctor/SearchDoctorsByDepartment.html</file>
            <file>file:/C:/Users/killh/Desktop/CIT/HospitalManagementSystem/src/java/CSC285/project/hospitalmanagementsystem/presentation/web/SearchDoctorsByLastName.java</file>
            <file>file:/C:/Users/killh/Desktop/CIT/HospitalManagementSystem/web/Room/SearchRooms.html</file>
            <file>file:/C:/Users/killh/Desktop/CIT/HospitalManagementSystem/web/Appointment/SearchAppointmentsByDate.html</file>
            <file>file:/C:/Users/killh/Desktop/CIT/HospitalManagementSystem/web/Sample%20Websites/StudentRegistrationForm_1.html</file>
            <file>file:/C:/Users/killh/Desktop/CIT/HospitalManagementSystem/web/Patient/EditAPatient.html</file>
            <file>file:/C:/Users/killh/Desktop/CIT/HospitalManagementSystem/web/index.html</file>
            <file>file:/C:/Users/killh/Desktop/CIT/HospitalManagementSystem/web/Sample%20Websites/RegistrationWithCookie.html</file>
            <file>file:/C:/Users/killh/Desktop/CIT/HospitalManagementSystem/web/Sample%20Websites/getData.html</file>
            <file>file:/C:/Users/killh/Desktop/CIT/HospitalManagementSystem/web/Appointment/ShowADoctorsAllAppointments.html</file>
            <file>file:/C:/Users/killh/Desktop/CIT/HospitalManagementSystem/web/Patient/SearchPatientsByDateOfBirth.html</file>
            <file>file:/C:/Users/killh/Desktop/CIT/HospitalManagementSystem/web/Patient/UnassignDoctorFromPatient.html</file>
            <file>file:/C:/Users/killh/Desktop/CIT/HospitalManagementSystem/web/Patient/ViewAPatient.html</file>
            <file>file:/C:/Users/killh/Desktop/CIT/HospitalManagementSystem/src/java/CSC285/project/hospitalmanagementsystem/presentation/web/EditADoctor.java</file>
            <file>file:/C:/Users/killh/Desktop/CIT/HospitalManagementSystem/web/Patient/SearchPatientsByLastName.html</file>
            <file>file:/C:/Users/killh/Desktop/CIT/HospitalManagementSystem/web/Doctor/SearchDoctorsByLastName.html</file>
            <file>file:/C:/Users/killh/Desktop/CIT/HospitalManagementSystem/src/java/CSC285/project/hospitalmanagementsystem/presentation/web/SearchPatientsByFirstName.java</file>
            <file>file:/C:/Users/killh/Desktop/CIT/HospitalManagementSystem/web/Room/AddANewRoom.html</file>
            <file>file:/C:/Users/killh/Desktop/CIT/HospitalManagementSystem/src/java/CSC285/project/hospitalmanagementsystem/presentation/web/SearchAppointmentsByDoctorAndDateRange.java</file>
            <file>file:/C:/Users/killh/Desktop/CIT/HospitalManagementSystem/web/Patient/SearchPatientsByFirstName.html</file>
            <file>file:/C:/Users/killh/Desktop/CIT/HospitalManagementSystem/src/java/CSC285/project/hospitalmanagementsystem/presentation/web/SearchAppointmentsByPatientAndDateRange.java</file>
            <file>file:/C:/Users/killh/Desktop/CIT/HospitalManagementSystem/src/java/CSC285/project/hospitalmanagementsystem/presentation/web/SearchDoctorsByDepartment.java</file>
            <file>file:/C:/Users/killh/Desktop/CIT/HospitalManagementSystem/src/java/CSC285/project/hospitalmanagementsystem/presentation/web/SearchAppointmentsByRoomAndDateRange.java</file>
            <file>file:/C:/Users/killh/Desktop/CIT/HospitalManagementSystem/src/java/CSC285/project/hospitalmanagementsystem/presentation/web/AddANewAppointment.java</file>
            <file>file:/C:/Users/killh/Desktop/CIT/HospitalManagementSystem/src/java/CSC285/project/hospitalmanagementsystem/presentation/web/AssignDoctorToPatient.java</file>
            <file>file:/C:/Users/killh/Desktop/CIT/HospitalManagementSystem/web/Appointment/ViewAnAppointment.html</file>
            <file>file:/C:/Users/killh/Desktop/CIT/HospitalManagementSystem/web/Appointment/EditAnAppointment.html</file>
            <file>file:/C:/Users/killh/Desktop/CIT/HospitalManagementSystem/web/Doctor/ViewADoctor.html</file>
            <file>file:/C:/Users/killh/Desktop/CIT/HospitalManagementSystem/web/Appointment/ShowARoomsAllAppointments.html</file>
            <file>file:/C:/Users/killh/Desktop/CIT/HospitalManagementSystem/web/Doctor/SearchDoctorsByFirstName.html</file>
            <file>file:/C:/Users/killh/Desktop/CIT/HospitalManagementSystem/web/Doctor/AddANewDoctor.html</file>
            <file>file:/C:/Users/killh/Desktop/CIT/HospitalManagementSystem/web/Appointment/SearchAppointmentsByDoctorAndDateRange.html</file>
            <file>file:/C:/Users/killh/Desktop/CIT/HospitalManagementSystem/web/Patient/AssignDoctorToPatient.html</file>
            <file>file:/C:/Users/killh/Desktop/CIT/HospitalManagementSystem/src/java/CSC285/project/hospitalmanagementsystem/presentation/web/SearchPatientsByDateOfBirth.java</file>
            <file>file:/C:/Users/killh/Desktop/CIT/HospitalManagementSystem/web/Sample%20Websites/Registration.html</file>
            <file>file:/C:/Users/killh/Desktop/CIT/HospitalManagementSystem/web/Room/EditARoom.html</file>
            <file>file:/C:/Users/killh/Desktop/CIT/HospitalManagementSystem/web/Sample%20Websites/getData.jsp</file>
            <file>file:/C:/Users/killh/Desktop/CIT/HospitalManagementSystem/web/Room/ViewARoom.html</file>
            <file>file:/C:/Users/killh/Desktop/CIT/HospitalManagementSystem/web/Patient/AddANewPatient.html</file>
            <file>file:/C:/Users/killh/Desktop/CIT/HospitalManagementSystem/src/java/CSC285/project/hospitalmanagementsystem/presentation/web/AddANewDoctor.java</file>
            <file>file:/C:/Users/killh/Desktop/CIT/HospitalManagementSystem/src/java/CSC285/project/hospitalmanagementsystem/presentation/web/SearchAppointmentsByDate.java</file>
            <file>file:/C:/Users/killh/Desktop/CIT/HospitalManagementSystem/web/Doctor/EditADoctor.html</file>
            <file>file:/C:/Users/killh/Desktop/CIT/HospitalManagementSystem/src/java/CSC285/project/hospitalmanagementsystem/dao/Util.java</file>
            <file>file:/C:/Users/killh/Desktop/CIT/HospitalManagementSystem/web/Sample%20Websites/StudentRegistrationForm.html</file>
            <file>file:/C:/Users/killh/Desktop/CIT/HospitalManagementSystem/src/java/CSC285/project/hospitalmanagementsystem/presentation/web/EditAnAppointment.java</file>
            <file>file:/C:/Users/killh/Desktop/CIT/HospitalManagementSystem/src/java/CSC285/project/hospitalmanagementsystem/presentation/web/ShowADoctorsAllAppointments.java</file>
            <file>file:/C:/Users/killh/Desktop/CIT/HospitalManagementSystem/web/Appointment/SearchAppointmentsByPatientAndDateRange.html</file>
        </group>
    </open-files>
</project-private>
